<?xml version="1.0"?>
<doc>
    <assembly>
        <name>DijkstraTest2</name>
    </assembly>
    <members>
        <member name="F:Dijkstra_Nhom1.Form1.components">
            <summary>
            Required designer variable.
            </summary>
        </member>
        <member name="M:Dijkstra_Nhom1.Form1.Dispose(System.Boolean)">
            <summary>
            Clean up any resources being used.
            </summary>
            <param name="disposing">true if managed resources should be disposed; otherwise, false.</param>
        </member>
        <member name="M:Dijkstra_Nhom1.Form1.InitializeComponent">
            <summary>
            Required method for Designer support - do not modify
            the contents of this method with the code editor.
            </summary>
        </member>
        <member name="M:Dijkstra_Nhom1.Program.Main">
            <summary>
            The main entry point for the application.
            </summary>
        </member>
        <member name="T:DijkstraTest2.Properties.Resources">
            <summary>
              A strongly-typed resource class, for looking up localized strings, etc.
            </summary>
        </member>
        <member name="P:DijkstraTest2.Properties.Resources.ResourceManager">
            <summary>
              Returns the cached ResourceManager instance used by this class.
            </summary>
        </member>
        <member name="P:DijkstraTest2.Properties.Resources.Culture">
            <summary>
              Overrides the current thread's CurrentUICulture property for all
              resource lookups using this strongly typed resource class.
            </summary>
        </member>
        <member name="P:DijkstraTest2.Properties.Resources._04142915_ban_do_cac_tinh_mien_nam">
            <summary>
              Looks up a localized resource of type System.Drawing.Bitmap.
            </summary>
        </member>
        <member name="P:DijkstraTest2.Properties.Resources._04142915_ban_do_cac_tinh_mien_nam_removebg">
            <summary>
              Looks up a localized resource of type System.Drawing.Bitmap.
            </summary>
        </member>
        <member name="P:DijkstraTest2.Properties.Resources._04142915_ban_do_cac_tinh_mien_nam_removebg__1_">
            <summary>
              Looks up a localized resource of type System.Drawing.Bitmap.
            </summary>
        </member>
        <member name="P:DijkstraTest2.Properties.Resources._1324532_removebg">
            <summary>
              Looks up a localized resource of type System.Drawing.Bitmap.
            </summary>
        </member>
        <member name="P:DijkstraTest2.Properties.Resources._1324532_removebg1">
            <summary>
              Looks up a localized resource of type System.Drawing.Bitmap.
            </summary>
        </member>
        <member name="P:DijkstraTest2.Properties.Resources.Ảnh_chụp_màn_hình_2024_12_12_153717">
            <summary>
              Looks up a localized resource of type System.Drawing.Bitmap.
            </summary>
        </member>
        <member name="P:DijkstraTest2.Properties.Resources.Ảnh_chụp_màn_hình_2024_12_12_155956">
            <summary>
              Looks up a localized resource of type System.Drawing.Bitmap.
            </summary>
        </member>
        <member name="P:DijkstraTest2.Properties.Resources.ban_do_cac_tinh_mien_bac">
            <summary>
              Looks up a localized resource of type System.Drawing.Bitmap.
            </summary>
        </member>
        <member name="P:DijkstraTest2.Properties.Resources.ban_do_mien_bac_chi_tiet_nhat_1">
            <summary>
              Looks up a localized resource of type System.Drawing.Bitmap.
            </summary>
        </member>
        <member name="P:DijkstraTest2.Properties.Resources.hinh_nen_xanh_ngoc_2k_dep_cho_may_tinh_100606472">
            <summary>
              Looks up a localized resource of type System.Drawing.Bitmap.
            </summary>
        </member>
        <member name="P:DijkstraTest2.Properties.Resources.images_removebg_preview">
            <summary>
              Looks up a localized resource of type System.Drawing.Bitmap.
            </summary>
        </member>
        <member name="P:DijkstraTest2.Properties.Resources.img">
            <summary>
              Looks up a localized resource of type System.Drawing.Bitmap.
            </summary>
        </member>
        <member name="P:DijkstraTest2.Properties.Resources.vintage_blue_europe_map_retro_background_based_image_furnished_nasa_159657999">
            <summary>
              Looks up a localized resource of type System.Drawing.Bitmap.
            </summary>
        </member>
        <member name="P:DijkstraTest2.Properties.Resources.world_map_concept_for_web_design_background_web_banner_printed_material_vector">
            <summary>
              Looks up a localized resource of type System.Drawing.Bitmap.
            </summary>
        </member>
        <member name="P:DijkstraTest2.Properties.Resources.world_map_concept_for_web_design_background_web_banner_printed_material_vector1">
            <summary>
              Looks up a localized resource of type System.Drawing.Bitmap.
            </summary>
        </member>
        <member name="P:DijkstraTest2.Properties.Resources.World_Map_Vector_background">
            <summary>
              Looks up a localized resource of type System.Drawing.Bitmap.
            </summary>
        </member>
        <member name="P:DijkstraTest2.Properties.Resources.world_map_with_countries_on_blue_background_vector_1336799">
            <summary>
              Looks up a localized resource of type System.Drawing.Bitmap.
            </summary>
        </member>
        <member name="P:DijkstraTest2.Properties.Resources.world_map_with_countries_on_blue_background_vector_13367991">
            <summary>
              Looks up a localized resource of type System.Drawing.Bitmap.
            </summary>
        </member>
    </members>
</doc>
